{
  "// ==================== ENTITY LIMITS ====================": "Global limits for deployed entities",
  "entity_limits": {
    "max_sentries": 3,
    "max_lasers": 6,
    "max_teslas": 11,
    "max_barrels": 4,
    "max_prox": 12,
    "max_traps": 8,
    "max_summons": 3
  },

 "// ==================== WEAPONS ====================": "Player weapon configurations",
  "weapons": {
    "blaster": {
      "damage_min": 10,
      "damage_max": 23,
      "speed": 700,
      "bounces": 5
    },
    "hyperblaster": {
      "damage_min": 15,
      "damage_max": 16,
      "speed": 900,
      "bounces": 3
    },
    "shotgun": {
      "damage_min": 8,
      "damage_max": 9,
      "damage_energy_min": 7,
      "damage_energy_max": 11,
      "kick": 8,
      "pellet_count_deathmatch": 8,
      "pellet_count_normal": 8
    },
    "supershotgun": {
      "damage_min": 10,
      "damage_max": 11,
      "damage_energy_min": 14,
      "damage_energy_max": 16,
      "kick": 17,
      "pellet_count": 17
    },
    "machinegun": {
      "damage_min": 10,
      "damage_max": 11,
      "kick": 2,
      "tracer_damage": 12,
      "tracer_cooldown_ms": 500
    },
    "chaingun": {
      "damage_min": 5,
      "damage_max": 6,
      "kick": 3,
      "tracer_damage": 8,
      "tracer_cooldown_ms": 300
    },
    "grenade": {
      "damage": 200,
      "radius_offset": 100.0
    },
    "grenadelauncher": {
      "damage_normal": 100,
      "damage_napalm": 95,
      "radius_normal": 100.0,
      "radius_napalm": 115.0,
      "speed": 600
    },
    "rocket": {
      "damage_min": 99,
      "damage_max": 101,
      "speed": 1050,
      "radius": 115
    },
    "railgun": {
      "damage": 100,
      "damage_horde": 125,
      "kick": 285
    },
    "cannon20mm": {
      "damage": 40,
      "kick": 35,
      "range": 650,
      "recoil_force": 250
    },
    "bfg": {
      "damage": 700,
      "radius": 1000.0,
      "speed": 600,
      "ammo_normal": 50,
      "ammo_slide": 25
    },
    "ionripper": {
      "damage": 50
    },
    "phalanx": {
      "damage_min": 80,
      "damage_max": 95,
      "radius_damage": 120,
      "damage_radius": 120
    },
    "plasmabeam": {
      "damage": 16,
      "damage_singleplayer": 18,
      "kick": 3
    },
    "tracker": {
      "damage": 140,
      "speed": 1000
    },
    "etfrifle": {
      "kick_normal": 3,
      "kick_homing": 75
    }
  },

  "// ==================== WEAPON UPGRADES ====================": "Player weapon upgrade progression",
  "weapon_upgrades": {
    "rocketlauncher": {
      "damage_initial": 100,
      "damage_addon": 3.5,
      "speed_initial": 650,
      "speed_addon": 28,
      "radius_damage_initial": 100,
      "radius_damage_addon": 2.5,
      "damage_radius_initial": 100,
      "damage_radius_addon": 2.5
    },
    "grenadelauncher": {
      "damage_initial": 100,
      "damage_addon": 6,
      "speed_initial": 600,
      "speed_addon": 30,
      "radius_damage_initial": 100,
      "radius_damage_addon": 5,
      "radius_initial": 100,
      "radius_addon": 2.5
    }
  },

  "// ==================== HOOK ====================": "Offhand hook system configuration",
  "hook": {
    "speed": 900,
    "pull_speed": 700,
    "damage": 20,
    "init_damage": 10,
    "max_damage": 20,
    "max_time_sec": 5,
    "delay_sec": 0.2,
    "bot_chain_speed": 800,
    "bot_throw_speed": 1800,
    "allow_sky_attach": false
  },

  "// ==================== GRAPPLE ====================": "Weapon-based grapple hook (separate from offhand hook)",
  "grapple": {
    "fly_speed": 650,
    "pull_speed": 650,
    "damage": 10
  },

  "// ==================== BONUS MODIFIERS ====================": "Items that modify weapon behavior",
  "bonus_modifiers": {
    "energy_shells": {
      "comment": "Increases shotgun/super shotgun damage",
      "enabled": true
    },
    "napalm_grenadelauncher": {
      "comment": "Changes grenade launcher to fire napalm grenades",
      "damage": 95,
      "radius": 135,
      "ammo_cost": 2
    },
    "traced_bullets": {
      "comment": "Adds tracer projectiles to machinegun and chaingun",
      "enabled": true
    },
    "bfg_slide": {
      "comment": "Reduces BFG ammo cost from 50 to 25",
      "ammo_cost": 25
    },
    "bfg_gravity_pull": {
      "comment": "Adds gravity pull effect to BFG",
      "enabled": true
    },
    "cluster_prox": {
      "comment": "Prox mines spawn additional cluster grenades",
      "enabled": true
    },
    "piercing_plasma": {
      "comment": "Plasma shots pierce through enemies",
      "enabled": true
    },
    "tesla_chain_lightning": {
      "comment": "Tesla mines chain lightning to nearby enemies",
      "range": 200.0,
      "damage_multiplier": 0.5,
      "max_chain_targets_per_victim": 3
    }
  },

  "// ==================== DEPLOYABLES ====================": "Placeable/throwable items",
  "deployables": {
    "tesla": {
      "damage": 4,
      "damage_radius": 200,
      "health": 50,
      "time_to_live_sec": 30,
      "activate_time_ms": 1200,
      "explosion_damage_multiplier": 50,
      "explosion_radius": 200,
      "knockback": 8,
      "chain_lightning": {
        "range": 200.0,
        "damage_mult": 0.5,
        "max_targets_per_victim": 3
      }
    },
    "prox_mine": {
      "damage": 95,
      "damage_radius": 220,
      "health": 30,
      "time_to_live_sec": 45,
      "time_delay_ms": 350,
      "damage_open_multiplier": 1.5,
      "bound_size": 96
    },
    "trap": {
      "speed_min": 500,
      "speed_max": 900,
      "timer_sec": 5,
      "pull_radius": 350.0,
      "pull_speed_monster": 210.0,
      "pull_speed_player": 290.0,
      "duration_sec": 80,
      "health": 125,
      "explosion_damage": 300,
      "explosion_radius": 100
    },
    "laser": {
      "health_base": 150,
      "health_addon_per_wave": 120,
      "damage_initial": 1,
      "damage_addon_per_wave": 4,
      "comment": "Wave-based laser configuration"
    },
    "doppleganger": {
      "comment": "Player doppleganger clone configuration",
      "time_to_live_sec": 30,
      "health_base": 100,
      "explosion_damage": 160,
      "explosion_radius": 140
    },
    "strogg_summons": {
      "comment": "Strogg summons configuration - max summons controlled by entity_limits.max_summons"
    },
    "sentrygun": {
      "comment": "Sentry gun configuration - level-based damage scaling",
      "initial_health": 50,
      "addon_health": 15,
      "initial_armor": 50,
      "addon_armor": 30,
      "max_health": 200,
      "max_armor": 350,
      "initial_bullet": 6,
      "addon_bullet": 1,
      "initial_heatbeam": 3,
      "addon_heatbeam": 1,
      "initial_flechette": 6,
      "addon_flechette": 1,
      "initial_rocket": 50,
      "addon_rocket": 15,
      "initial_plasma": 50,
      "addon_plasma": 15,
      "initial_grenade": 50,
      "addon_grenade": 15,
      "cost": 50
    }
  },

  "// ==================== SPECIAL ABILITIES ====================": "Active player abilities",
  "special_abilities": {
    "bomb_spell": {
      "initial_damage": 75,
      "addon_damage": 10,
      "damage_radius": 150,
      "duration_sec": 5,
      "forward_cooldown_ms": 1500,
      "area_cooldown_ms": 10000,
      "max_height": 256,
      "step_size": 96,
      "carpet_width": 200
    },
    "barrel": {
      "health": 30,
      "damage": 100,
      "hold_speed": 800,
      "throw_speed": 1200,
      "explosion_radius": 150,
      "burn_duration_sec": 3
    }
  },

  "// ==================== AMMO REGENERATION ====================": "UNUSED UNUSED Ammo regen rates per type",
  "ammo_regen": {
    "comment": "Ammo regeneration when ClassicPlayerHasBenefitAmmoRegen benefit is active",
    "enabled": true,
    "rates": {
      "bullets": {
        "quantity": 10,
        "interval_ms": 3000
      },
      "shells": {
        "quantity": 5,
        "interval_ms": 3000
      },
      "grenades": {
        "quantity": 3,
        "interval_ms": 4000
      },
      "rockets": {
        "quantity": 2,
        "interval_ms": 5000
      },
      "cells": {
        "quantity": 10,
        "interval_ms": 3000
      },
      "slugs": {
        "quantity": 5,
        "interval_ms": 4000
      },
      "magslug": {
        "quantity": 3,
        "interval_ms": 5000
      },
      "prox": {
        "quantity": 1,
        "interval_ms": 6000
      },
      "trap": {
        "quantity": 1,
        "interval_ms": 6000
      },
      "tesla": {
        "quantity": 2,
        "interval_ms": 5000
      }
    }
  },

  "// ==================== POWER CUBES REGENERATION ====================": "Passive power cubes regeneration skill",
  "power_cubes_regen": {
    "comment": "PC Regen skill - regenerates power cubes over time (default level 1 in PvM mode)",
    "base_regen_time": 5.0,
    "cubes_per_regen": 5
  }
}
