{
  "// ==================== SCALING CONFIGURATION ====================": "Sigmoid curve parameters for difficulty scaling",

  "enabled": true,
  "bosses_only": false,
  "except_bosses": false,

  "monster_scaling": {
    "health": {
      "comment": "Monster health scaling over waves - gentle curve for +20% at late waves",
      "midpoint": 20,
      "growth_rate": 0.2,
      "min_value": 1.0,
      "max_value": 1.2
    },
    "_armor_NOT_IMPLEMENTED": {
      "comment": "Monster armor scaling over waves - NOT YET IMPLEMENTED",
      "midpoint": 22,
      "growth_rate": 0.12,
      "min_value": 1.0,
      "max_value": 2.5
    },
    "damage": {
      "comment": "Monster weapon damage scaling - Sigmoid curve with 2.0x cap",
      "midpoint": 18,
      "growth_rate": 0.10,
      "min_value": 1.0,
      "max_value": 2.0
    }
  },

  "difficulty_modifiers": {
    "comment": "Multipliers applied based on game settings",
    "chaos_modifier": 1.15,
    "insane_modifier": 1.3,
    "map_size_small": 0.9,
    "map_size_medium": 1.0,
    "map_size_large": 1.1
  },

  "// ==================== WAVE BREAKPOINTS ====================": "Special scaling at certain wave thresholds",

  "wave_breakpoints": {
    "early_game": {
      "max_wave": 10,
      "health_bonus": 0.35,
      "damage_bonus": 0.95
    },
    "mid_game": {
      "max_wave": 25,
      "health_bonus": 0.65,
      "damage_bonus": 1.0
    },
    "late_game": {
      "max_wave": 40,
      "health_bonus": 1.05,
      "damage_bonus": 1.02
    },
    "endgame": {
      "comment": "Wave 40+",
      "health_bonus": 1.1,
      "damage_bonus": 1.05
    }
  }
}
